{"train/loss": 1.7034, "train/grad_norm": 0.2590237259864807, "train/learning_rate": 2.5182778229082047e-06, "train/epoch": 15.0, "train/global_step": 18465, "_timestamp": 1726002941.697672, "_runtime": 88326.4564948082, "_step": 51, "eval/loss": 1.5114909410476685, "eval/runtime": 925.7911, "eval/samples_per_second": 10.632, "eval/steps_per_second": 0.665, "train_runtime": 88303.587, "train_samples_per_second": 1.672, "train_steps_per_second": 0.209, "total_flos": 2.59039270075392e+16, "train_loss": 1.78713118106151}